Feature,Relative Importance Percentage
sc,100.0
sg,65.770615
htn,41.748127
al,40.62871
pot,20.10388
sod,16.699074
su,2.1136081
pcc,0.0
